/*INSERTAR EN CIUDAD*/
INSERT INTO CIUDAD (CIUDAD_ID, NOMBRE_CIUDAD)
VALUES ('1','ARMENIA');
INSERT INTO CIUDAD (CIUDAD_ID, NOMBRE_CIUDAD)
VALUES ('2','PEREIRA');
INSERT INTO CIUDAD (CIUDAD_ID, NOMBRE_CIUDAD)
VALUES ('3','CALARCA');
INSERT INTO CIUDAD (CIUDAD_ID, NOMBRE_CIUDAD)
VALUES ('4','TEBAIDA');
INSERT INTO CIUDAD (CIUDAD_ID, NOMBRE_CIUDAD)
VALUES ('5','MONTENEGRO');

/*INSERTAR EN DIRECCION*/
INSERT INTO DIRECCION (DIRECCION_ID, CALLE, CARRERA, NUMERO, ID_CIUDAD)
VALUES ('1','20','23','38','1');
INSERT INTO DIRECCION (DIRECCION_ID, CALLE, CARRERA, NUMERO, ID_CIUDAD)
VALUES ('2','60','39','34','2');
INSERT INTO DIRECCION (DIRECCION_ID, CALLE, CARRERA, NUMERO, ID_CIUDAD)
VALUES ('3','80','99','12','1');
INSERT INTO DIRECCION (DIRECCION_ID, CALLE, CARRERA, NUMERO, ID_CIUDAD)
VALUES ('4','90','78','19','3');
INSERT INTO DIRECCION (DIRECCION_ID, CALLE, CARRERA, NUMERO, ID_CIUDAD)
VALUES ('5','15','45','03','5');

/*INSERTAR EN UNIVERSIDAD*/
INSERT INTO UNIVERSIDAD (UNIVERSIDAD_ID, NOMBRE_UNIVERSIDAD, ID_DIRECCION)
VALUES ('1','UNIVERSIDAD DEL QUINDIO','3');

/*INSERTAR EN FACULTAD*/
INSERT INTO FACULTAD (FACULTAD_ID, NOMBRE_FACULTAD, ID_UNIVERSIDAD)
VALUES ('1','INGENIERIA','1');

/*INSERTAR EN SECRETARIA*/
INSERT INTO SECRETARIA (SECRETARIA_ID, NOMBRE_SECRETARIA, APELLIDO_SECRETARIA, TELEFONO_SECRETARIA, PASSWORD_SECRETARIA)
VALUES ('111222','CRISTINA','AGUILERA','7401454','12345');

/*INSERTAR EN CONSEJO_CURRICULAR*/
INSERT INTO CONSEJO_CURRICULAR (CONSEJO_CURRICULAR_ID, ID_SECRETARIA)
VALUES ('1','111222');

/*INSERTAR EN AREA*/
INSERT INTO AREA (AREA_ID, NOMBRE_AREA)
VALUES ('1','PROGRAMACION Y ALGORITMIA');
INSERT INTO AREA (AREA_ID, NOMBRE_AREA)
VALUES ('2','CIENCIAS BASICAS');
INSERT INTO AREA (AREA_ID, NOMBRE_AREA)
VALUES ('3','ELECTIVAS');
INSERT INTO AREA (AREA_ID, NOMBRE_AREA)
VALUES ('4','FISICA');
INSERT INTO AREA (AREA_ID, NOMBRE_AREA)
VALUES ('5','ADMINISTRATIVA');

/*INSERTAR EN CARGO*/
INSERT INTO CARGO (CARGO_ID, NOMBRE_CARGO)
VALUES ('1','DIRECTOR DE PROGRAMA');
INSERT INTO CARGO (CARGO_ID, NOMBRE_CARGO)
VALUES ('2','DOCENTE');
INSERT INTO CARGO (CARGO_ID, NOMBRE_CARGO)
VALUES ('3','JEFE DE AREA');
INSERT INTO CARGO (CARGO_ID, NOMBRE_CARGO)
VALUES ('4','DIRECTOR DE EXTENSION');
INSERT INTO CARGO (CARGO_ID, NOMBRE_CARGO)
VALUES ('5','COORDINADOR DE GRUPO DE INVESTIGACION');

/*INSERTAR EN PROGRAMA_ACADEMICO*/
INSERT INTO PROGRAMA_ACADEMICO (PROGRAMA_ACADEMICO_ID, NOMBRE_PROGRAMA, ID_FACULTAD, ID_CONSEJO_CURRICULAR)
VALUES ('1','INGENIERIA DE SISTEMAS Y COMPUTACION', '1', '1');

/*INSERTAR EN SOLICITANTE*/
INSERT INTO SOLICITANTE (SOLICITANTE_ID, NOMBRE_SOLICITANTE, APELLIDO_SOLICITANTE, TELEFONO_SOLICITANTE, ID_DIRECCION, ID_CARGO, ID_AREA, ID_CONSEJO_CURRICULAR, ID_PROGRAMA_ACADEMICO,PASSWORD_SOLICITANTE)
VALUES ('991','ROBINSON','PULGARIN', '3154191900', '1','1','5','1','1','12345');
INSERT INTO SOLICITANTE (SOLICITANTE_ID, NOMBRE_SOLICITANTE, APELLIDO_SOLICITANTE, TELEFONO_SOLICITANTE, ID_DIRECCION, ID_CARGO, ID_AREA, ID_CONSEJO_CURRICULAR, ID_PROGRAMA_ACADEMICO,PASSWORD_SOLICITANTE)
VALUES ('992','EDWIN','ROMERO', '3012234553', '2','3','2','1','1','12345');
INSERT INTO SOLICITANTE (SOLICITANTE_ID, NOMBRE_SOLICITANTE, APELLIDO_SOLICITANTE, TELEFONO_SOLICITANTE, ID_DIRECCION, ID_CARGO, ID_AREA, ID_CONSEJO_CURRICULAR, ID_PROGRAMA_ACADEMICO,PASSWORD_SOLICITANTE)
VALUES ('993','CRISTIAN','CANDELA', '3184728133', '3','5','1','1','1','12345');
INSERT INTO SOLICITANTE (SOLICITANTE_ID, NOMBRE_SOLICITANTE, APELLIDO_SOLICITANTE, TELEFONO_SOLICITANTE, ID_DIRECCION, ID_CARGO, ID_AREA, ID_CONSEJO_CURRICULAR, ID_PROGRAMA_ACADEMICO,PASSWORD_SOLICITANTE)
VALUES ('994','JENNY','RAMIREZ', '3114742904', '4','2','1','1','1','12345');
INSERT INTO SOLICITANTE (SOLICITANTE_ID, NOMBRE_SOLICITANTE, APELLIDO_SOLICITANTE, TELEFONO_SOLICITANTE, ID_DIRECCION, ID_CARGO, ID_AREA, ID_CONSEJO_CURRICULAR, ID_PROGRAMA_ACADEMICO,PASSWORD_SOLICITANTE)
VALUES ('995','FABER','GIRALDO', '3016481827', '5','4','3','1','1','12345');


/*INSERTAR EN JORNADA*/
INSERT INTO JORNADA (JORNADA_ID, NOMBRE_JORNADA)
VALUES ('1', 'DUIRNA');
INSERT INTO JORNADA (JORNADA_ID, NOMBRE_JORNADA)
VALUES ('2', 'NOCTURNA');

/*INSERTAR EN DIRECTORES*/
INSERT INTO DIRECTORES (ID_PROGRAMA, ID_SOLICITANTE,ID_JORNADA)
VALUES ('1', '991','1');
INSERT INTO DIRECTORES (ID_PROGRAMA, ID_SOLICITANTE,ID_JORNADA)
VALUES ('1', '995','2');

/*INSERTAR EN AUXILIAR*/
INSERT INTO AUXILIAR (AUXILIAR_ID, CODIGO_AUXILIAR, NOMBRE_AUXILIAR, APELLIDO_AUXILIAR, TELEFONO_AUXILIAR, ID_DIRECCION, ID_PROGRAMA_ACADEMICO, PASSWORD_AUX)
VALUES ('1','91080816','ALEXANDER','VARGAS','7401030','1','1','12345');
INSERT INTO AUXILIAR (AUXILIAR_ID, CODIGO_AUXILIAR, NOMBRE_AUXILIAR, APELLIDO_AUXILIAR, TELEFONO_AUXILIAR, ID_DIRECCION, ID_PROGRAMA_ACADEMICO, PASSWORD_AUX)
VALUES ('2','14219942','ANDRES','MONTOYA','3005529469','2','1','12345');
INSERT INTO AUXILIAR (AUXILIAR_ID, CODIGO_AUXILIAR, NOMBRE_AUXILIAR, APELLIDO_AUXILIAR, TELEFONO_AUXILIAR, ID_DIRECCION, ID_PROGRAMA_ACADEMICO, PASSWORD_AUX)
VALUES ('3','14135578','JEISON','BARBOSA','3117630511','3','1','12345');
INSERT INTO AUXILIAR (AUXILIAR_ID, CODIGO_AUXILIAR, NOMBRE_AUXILIAR, APELLIDO_AUXILIAR, TELEFONO_AUXILIAR, ID_DIRECCION, ID_PROGRAMA_ACADEMICO, PASSWORD_AUX)
VALUES ('4','38247560','DIANA','FARFAN','3135261570','4','1','12345');
INSERT INTO AUXILIAR (AUXILIAR_ID, CODIGO_AUXILIAR, NOMBRE_AUXILIAR, APELLIDO_AUXILIAR, TELEFONO_AUXILIAR, ID_DIRECCION, ID_PROGRAMA_ACADEMICO, PASSWORD_AUX)
VALUES ('5','2557234','YURI','BONILLA','3117806055','5','1','12345');

/*INSERTAR EN TIPO_REQUISITO*/
INSERT INTO TIPO_REQUISITO (TIPO_REQUISITO_ID, DESCRIPCION_TIPO_REQUISITO)
VALUES ('1','GENERAL');
INSERT INTO TIPO_REQUISITO (TIPO_REQUISITO_ID, DESCRIPCION_TIPO_REQUISITO)
VALUES ('2','ESPECIFICO');

/*INSERTAR EN REQUISITO*/
INSERT INTO REQUISITO (REQUISITO_ID, DESCRIPCION_REQUISITO, ID_TIPO_REQUISITO)
VALUES ('1','PROMEDIO SUPERIOR A 3,5','1' );
INSERT INTO REQUISITO (REQUISITO_ID, DESCRIPCION_REQUISITO, ID_TIPO_REQUISITO)
VALUES ('2','HABER APROBADO LA TOTALIDAD DE CREDITOS EN EL SEMESTRE ANTERIOR','1' );
INSERT INTO REQUISITO (REQUISITO_ID, DESCRIPCION_REQUISITO, ID_TIPO_REQUISITO)
VALUES ('3','APROBAR PRUEBA DE CONOCIMIENTO','2' );
INSERT INTO REQUISITO (REQUISITO_ID, DESCRIPCION_REQUISITO, ID_TIPO_REQUISITO)
VALUES ('4','HABER APROBADO CALCULO MULTIVARIADO Y VECTORIAL EN 5','2' );
INSERT INTO REQUISITO (REQUISITO_ID, DESCRIPCION_REQUISITO, ID_TIPO_REQUISITO)
VALUES ('5','ESTAR EN 5 SEMESTRE O SUPERIOR','2' );

/*INSERTAR EN SOLICITUD_AUXILIARES*/
INSERT INTO SOLICITUD_AUXILIARES (SOLICITUD_AUXILIARES_ID, CANTIDAD_AUXILIARES, CANTIDAD_HORAS, DESC_SOLICITUD_AUXILIARES, FECHA_CREACION, ID_SOLICITANTE)
VALUES ('1', 3, 5, 'SON LOS AUXILIARES SOLICITADOS PARA LOS CALCULOS','19/05/2014', '991' );
INSERT INTO SOLICITUD_AUXILIARES (SOLICITUD_AUXILIARES_ID, CANTIDAD_AUXILIARES, CANTIDAD_HORAS, DESC_SOLICITUD_AUXILIARES, FECHA_CREACION, ID_SOLICITANTE)
VALUES ('2', 4, 6, 'SON LOS AUXILIARES SOLICITADOS PARA BASES DE DATOS','18/05/2014', '992' );
INSERT INTO SOLICITUD_AUXILIARES (SOLICITUD_AUXILIARES_ID, CANTIDAD_AUXILIARES, CANTIDAD_HORAS, DESC_SOLICITUD_AUXILIARES, FECHA_CREACION, ID_SOLICITANTE)
VALUES ('3', 6, 8, 'SON LOS AUXILIARES SOLICITADOS EL LABORATORIO DE SISTEMAS','16/05/2014', '991' );
INSERT INTO SOLICITUD_AUXILIARES (SOLICITUD_AUXILIARES_ID, CANTIDAD_AUXILIARES, CANTIDAD_HORAS, DESC_SOLICITUD_AUXILIARES, FECHA_CREACION, ID_SOLICITANTE)
VALUES ('4', 5, 7, 'SON LOS AUXILIARES SOLICITADOS PARA INGENIERIA DE SOFTWARE','17/05/2014', '993' );
INSERT INTO SOLICITUD_AUXILIARES (SOLICITUD_AUXILIARES_ID, CANTIDAD_AUXILIARES, CANTIDAD_HORAS, DESC_SOLICITUD_AUXILIARES, FECHA_CREACION, ID_SOLICITANTE)
VALUES ('5', 7, 9, 'SON LOS AUXILIARES SOLICITADOS PARA EL SINFOCI','16/05/2014', '995' );

/*INSERTAR EN SOL_AUXILIARES_REQUISITOS*/
INSERT INTO SOL_AUXILIARES_REQUISITOS (ID_REQUISITO, ID_SOLICITUD_AUXILIARES)
VALUES ('1','1');
INSERT INTO SOL_AUXILIARES_REQUISITOS (ID_REQUISITO, ID_SOLICITUD_AUXILIARES)
VALUES ('2','1');
INSERT INTO SOL_AUXILIARES_REQUISITOS (ID_REQUISITO, ID_SOLICITUD_AUXILIARES)
VALUES ('3','5');
INSERT INTO SOL_AUXILIARES_REQUISITOS (ID_REQUISITO, ID_SOLICITUD_AUXILIARES)
VALUES ('4','3');
INSERT INTO SOL_AUXILIARES_REQUISITOS (ID_REQUISITO, ID_SOLICITUD_AUXILIARES)
VALUES ('5','2');
INSERT INTO SOL_AUXILIARES_REQUISITOS (ID_REQUISITO, ID_SOLICITUD_AUXILIARES)
VALUES ('1','4');

/*INSERTAR EN TIPO_AUXILIAR*/
INSERT INTO TIPO_AUXILIAR (TIPO_AUXILIAR_ID, DESCRIPCION_TIPO_AUXILIAR)
VALUES ('1','AUXILIAR DE SALA');
INSERT INTO TIPO_AUXILIAR (TIPO_AUXILIAR_ID, DESCRIPCION_TIPO_AUXILIAR)
VALUES ('2','AUXILIAR DE DOCENCIA');
INSERT INTO TIPO_AUXILIAR (TIPO_AUXILIAR_ID, DESCRIPCION_TIPO_AUXILIAR)
VALUES ('3','AUXILIAR DE INVESTIGACION');
INSERT INTO TIPO_AUXILIAR (TIPO_AUXILIAR_ID, DESCRIPCION_TIPO_AUXILIAR)
VALUES ('4','AUXILIAR ADMINISTRATIVO');
INSERT INTO TIPO_AUXILIAR (TIPO_AUXILIAR_ID, DESCRIPCION_TIPO_AUXILIAR)
VALUES ('5','AUXILIAR CONFIGURACION');

/*INSERTAR EN CONVOCATORIA*/

INSERT INTO CONVOCATORIA (CONVOCATORIA_ID, INFO_ADICIONAL_CONVOCATORIA, FECHA_CREACION, FECHA_APERTURA, FECHA_CIERRE, FECHA_PRUEBA, ID_TIPO_AUXILIAR, ID_PROGRAMA_ACADEMICO, ID_SOLICITUD_AUXILIARES)
VALUES ('001', 'CONVOCATORIA PARA EL ESPACIO ACADEMICO BASES DE DATOS',TO_DATE('03/06/2014','DD/MM/YYYY'),TO_DATE('04/06/2014','DD/MM/YYYY'),TO_DATE('04/06/2014','DD/MM/YYYY'), TO_DATE('16/06/2014','DD/MM/YYYY'),'2','1','2');
INSERT INTO CONVOCATORIA (CONVOCATORIA_ID, INFO_ADICIONAL_CONVOCATORIA, FECHA_CREACION, FECHA_APERTURA, FECHA_CIERRE, FECHA_PRUEBA, ID_TIPO_AUXILIAR, ID_PROGRAMA_ACADEMICO, ID_SOLICITUD_AUXILIARES)
VALUES ('002', 'CONVOCATORIA PARA EL ESPACIO ACADEMICO CALCULO INTEGRAL',TO_DATE('03/06/2014','DD/MM/YYYY'),TO_DATE('04/06/2014','DD/MM/YYYY'), TO_DATE('04/06/2014','DD/MM/YYYY'),TO_DATE('16/06/2014','DD/MM/YYYY'),'2','1','1');
INSERT INTO CONVOCATORIA (CONVOCATORIA_ID, INFO_ADICIONAL_CONVOCATORIA, FECHA_CREACION, FECHA_APERTURA, FECHA_CIERRE, FECHA_PRUEBA, ID_TIPO_AUXILIAR, ID_PROGRAMA_ACADEMICO, ID_SOLICITUD_AUXILIARES)
VALUES ('003', 'CONVOCATORIA PARA EL LABORATORIO DE SISTEMAS',TO_DATE('04/06/2014','DD/MM/YYYY'),TO_DATE('05/06/2014','DD/MM/YYYY'), TO_DATE('06/06/2014','DD/MM/YYYY'),TO_DATE('18/06/2014','DD/MM/YYYY'),'1','1','3');
INSERT INTO CONVOCATORIA (CONVOCATORIA_ID, INFO_ADICIONAL_CONVOCATORIA, FECHA_CREACION, FECHA_APERTURA, FECHA_CIERRE, FECHA_PRUEBA, ID_TIPO_AUXILIAR, ID_PROGRAMA_ACADEMICO, ID_SOLICITUD_AUXILIARES)
VALUES ('004', 'CONVOCATORIA PARA EL ESPACIO ACADEMICO INGENIERIA DE SOFTWARE',TO_DATE('07/06/2014','DD/MM/YYYY'),TO_DATE('08/06/2014','DD/MM/YYYY'), TO_DATE('09/06/2014','DD/MM/YYYY'),TO_DATE('22/06/2014','DD/MM/YYYY'),'2','1','4');
INSERT INTO CONVOCATORIA (CONVOCATORIA_ID, INFO_ADICIONAL_CONVOCATORIA, FECHA_CREACION, FECHA_APERTURA, FECHA_CIERRE, FECHA_PRUEBA, ID_TIPO_AUXILIAR, ID_PROGRAMA_ACADEMICO, ID_SOLICITUD_AUXILIARES)
VALUES ('005', 'CONVOCATORIA PARA EL SINFOCI',TO_DATE('09/06/2014','DD/MM/YYYY'),TO_DATE('10/06/2014','DD/MM/YYYY'), TO_DATE('11/06/2014','DD/MM/YYYY'),TO_DATE('23/06/2014','DD/MM/YYYY'),'3','1','5');

/*INSERTAR EN CONVOCATORIA REQUISITOS*/
INSERT INTO CONVOCATORIA_REQUISITOS (ID_REQUISITOS, ID_CONVOCATORIA) 
VALUES ('1','001');
INSERT INTO CONVOCATORIA_REQUISITOS (ID_REQUISITOS, ID_CONVOCATORIA) 
VALUES ('2','001');
INSERT INTO CONVOCATORIA_REQUISITOS (ID_REQUISITOS, ID_CONVOCATORIA) 
VALUES ('3','001');
INSERT INTO CONVOCATORIA_REQUISITOS (ID_REQUISITOS, ID_CONVOCATORIA) 
VALUES ('4','001');
INSERT INTO CONVOCATORIA_REQUISITOS (ID_REQUISITOS, ID_CONVOCATORIA) 
VALUES ('5','001');
INSERT INTO CONVOCATORIA_REQUISITOS (ID_REQUISITOS, ID_CONVOCATORIA) 
VALUES ('1','002');
INSERT INTO CONVOCATORIA_REQUISITOS (ID_REQUISITOS, ID_CONVOCATORIA) 
VALUES ('2','002');
INSERT INTO CONVOCATORIA_REQUISITOS (ID_REQUISITOS, ID_CONVOCATORIA) 
VALUES ('3','002');
INSERT INTO CONVOCATORIA_REQUISITOS (ID_REQUISITOS, ID_CONVOCATORIA) 
VALUES ('4','002');
INSERT INTO CONVOCATORIA_REQUISITOS (ID_REQUISITOS, ID_CONVOCATORIA) 
VALUES ('5','002');
INSERT INTO CONVOCATORIA_REQUISITOS (ID_REQUISITOS, ID_CONVOCATORIA) 
VALUES ('1','003');
INSERT INTO CONVOCATORIA_REQUISITOS (ID_REQUISITOS, ID_CONVOCATORIA) 
VALUES ('2','003');
INSERT INTO CONVOCATORIA_REQUISITOS (ID_REQUISITOS, ID_CONVOCATORIA) 
VALUES ('3','003');
INSERT INTO CONVOCATORIA_REQUISITOS (ID_REQUISITOS, ID_CONVOCATORIA) 
VALUES ('4','003');
INSERT INTO CONVOCATORIA_REQUISITOS (ID_REQUISITOS, ID_CONVOCATORIA) 
VALUES ('5','003');
INSERT INTO CONVOCATORIA_REQUISITOS (ID_REQUISITOS, ID_CONVOCATORIA) 
VALUES ('1','004');
INSERT INTO CONVOCATORIA_REQUISITOS (ID_REQUISITOS, ID_CONVOCATORIA) 
VALUES ('2','004');
INSERT INTO CONVOCATORIA_REQUISITOS (ID_REQUISITOS, ID_CONVOCATORIA) 
VALUES ('3','004');
INSERT INTO CONVOCATORIA_REQUISITOS (ID_REQUISITOS, ID_CONVOCATORIA) 
VALUES ('4','004');
INSERT INTO CONVOCATORIA_REQUISITOS (ID_REQUISITOS, ID_CONVOCATORIA) 
VALUES ('5','004');
INSERT INTO CONVOCATORIA_REQUISITOS (ID_REQUISITOS, ID_CONVOCATORIA) 
VALUES ('1','005');
INSERT INTO CONVOCATORIA_REQUISITOS (ID_REQUISITOS, ID_CONVOCATORIA) 
VALUES ('2','005');
INSERT INTO CONVOCATORIA_REQUISITOS (ID_REQUISITOS, ID_CONVOCATORIA) 
VALUES ('3','005');
INSERT INTO CONVOCATORIA_REQUISITOS (ID_REQUISITOS, ID_CONVOCATORIA) 
VALUES ('4','005');
INSERT INTO CONVOCATORIA_REQUISITOS (ID_REQUISITOS, ID_CONVOCATORIA) 
VALUES ('5','005');

/*INSERTAR EN EVALUACION DE AUXILIARES*/
INSERT INTO EVALUACION_AUXILIARES (EVALUACION_AUXILIARES_ID, DESC_EVALUACION_AUXILIARES, FECHA_CREACION,ID_SOLICITANTE, ID_CONVOCATORIA)
VALUES ('EV001','EVALUACION PARA LA CONVOCATORIA DE BASES DE DATOS',TO_DATE('15/06/2014','DD/MM/YYYY'),'991','001');
INSERT INTO EVALUACION_AUXILIARES (EVALUACION_AUXILIARES_ID, DESC_EVALUACION_AUXILIARES, FECHA_CREACION,ID_SOLICITANTE, ID_CONVOCATORIA)
VALUES ('EV002','EVALUACION PARA LA CONVOCATORIA DE CALCULO INTEGRAL',TO_DATE('15/06/2014','DD/MM/YYYY'),'992','002');
INSERT INTO EVALUACION_AUXILIARES (EVALUACION_AUXILIARES_ID, DESC_EVALUACION_AUXILIARES, FECHA_CREACION,ID_SOLICITANTE, ID_CONVOCATORIA)
VALUES ('EV003','EVALUACION PARA LA CONVOCATORIA DE INGENIERIA DE SOFTWARE',TO_DATE('22/06/2014','DD/MM/YYYY'),'993','004');
INSERT INTO EVALUACION_AUXILIARES (EVALUACION_AUXILIARES_ID, DESC_EVALUACION_AUXILIARES, FECHA_CREACION,ID_SOLICITANTE, ID_CONVOCATORIA)
VALUES ('EV004','EVALUACION PARA LA CONVOCATORIA DE SINFOCI',TO_DATE('13/06/2014','DD/MM/YYYY'),'995','005');

/*INSERTAR EN SELECCION_AUXILIARES*/
INSERT INTO SELECCION_AUXILIARES (CALIFICACION, ESTADO, PROMEDIO, ID_AUXILIARES, ID_EVALUACION_AUXILIARES)
VALUES (4.5,1,4.0,'1','EV001');
INSERT INTO SELECCION_AUXILIARES (CALIFICACION, ESTADO, PROMEDIO, ID_AUXILIARES, ID_EVALUACION_AUXILIARES)
VALUES (2,0,3,'2','EV001');
INSERT INTO SELECCION_AUXILIARES (CALIFICACION, ESTADO, PROMEDIO, ID_AUXILIARES, ID_EVALUACION_AUXILIARES)
VALUES (5,1,4.5,'3','EV001');
INSERT INTO SELECCION_AUXILIARES (CALIFICACION, ESTADO, PROMEDIO, ID_AUXILIARES, ID_EVALUACION_AUXILIARES)
VALUES (3,1,3.5,'4','EV001');
INSERT INTO SELECCION_AUXILIARES (CALIFICACION, ESTADO, PROMEDIO, ID_AUXILIARES, ID_EVALUACION_AUXILIARES)
VALUES (4.8,0,3,'5','EV001');
INSERT INTO SELECCION_AUXILIARES (CALIFICACION, ESTADO, PROMEDIO, ID_AUXILIARES, ID_EVALUACION_AUXILIARES)
VALUES (4.5,1,4.0,'1','EV002');
INSERT INTO SELECCION_AUXILIARES (CALIFICACION, ESTADO, PROMEDIO, ID_AUXILIARES, ID_EVALUACION_AUXILIARES)
VALUES (2,0,3,'2','EV002');
INSERT INTO SELECCION_AUXILIARES (CALIFICACION, ESTADO, PROMEDIO, ID_AUXILIARES, ID_EVALUACION_AUXILIARES)
VALUES (5,1,4.5,'3','EV002');
INSERT INTO SELECCION_AUXILIARES (CALIFICACION, ESTADO, PROMEDIO, ID_AUXILIARES, ID_EVALUACION_AUXILIARES)
VALUES (3,1,3.5,'4','EV002');
INSERT INTO SELECCION_AUXILIARES (CALIFICACION, ESTADO, PROMEDIO, ID_AUXILIARES, ID_EVALUACION_AUXILIARES)
VALUES (4.8,0,3,'5','EV002');
INSERT INTO SELECCION_AUXILIARES (CALIFICACION, ESTADO, PROMEDIO, ID_AUXILIARES, ID_EVALUACION_AUXILIARES)
VALUES (4.5,1,4.0,'1','EV003');
INSERT INTO SELECCION_AUXILIARES (CALIFICACION, ESTADO, PROMEDIO, ID_AUXILIARES, ID_EVALUACION_AUXILIARES)
VALUES (2,0,3,'2','EV003');
INSERT INTO SELECCION_AUXILIARES (CALIFICACION, ESTADO, PROMEDIO, ID_AUXILIARES, ID_EVALUACION_AUXILIARES)
VALUES (5,1,4.5,'3','EV003');
INSERT INTO SELECCION_AUXILIARES (CALIFICACION, ESTADO, PROMEDIO, ID_AUXILIARES, ID_EVALUACION_AUXILIARES)
VALUES (3,1,3.5,'4','EV003');
INSERT INTO SELECCION_AUXILIARES (CALIFICACION, ESTADO, PROMEDIO, ID_AUXILIARES, ID_EVALUACION_AUXILIARES)
VALUES (4.8,0,3,'5','EV003');
INSERT INTO SELECCION_AUXILIARES (CALIFICACION, ESTADO, PROMEDIO, ID_AUXILIARES, ID_EVALUACION_AUXILIARES)
VALUES (4.5,1,4.0,'1','EV004');
INSERT INTO SELECCION_AUXILIARES (CALIFICACION, ESTADO, PROMEDIO, ID_AUXILIARES, ID_EVALUACION_AUXILIARES)
VALUES (2,0,3,'2','EV004');
INSERT INTO SELECCION_AUXILIARES (CALIFICACION, ESTADO, PROMEDIO, ID_AUXILIARES, ID_EVALUACION_AUXILIARES)
VALUES (5,1,4.5,'3','EV004');
INSERT INTO SELECCION_AUXILIARES (CALIFICACION, ESTADO, PROMEDIO, ID_AUXILIARES, ID_EVALUACION_AUXILIARES)
VALUES (3,1,3.5,'4','EV004');
INSERT INTO SELECCION_AUXILIARES (CALIFICACION, ESTADO, PROMEDIO, ID_AUXILIARES, ID_EVALUACION_AUXILIARES)
VALUES (4.8,0,3,'5','EV004');

/*INSERTAR EN HORARIO_ACTIVIDADES*/
INSERT INTO HORARIO_ACTIVIDADES(HORARIO_ACTIVIDADES_ID, FECHA_CREACION_HORARIO_ACTIV, ID_TIPO_AUXILIAR, ID_AUXILIAR)
VALUES ('1',TO_DATE('20/06/2014','DD/MM/YYYY'),'2','1' );
INSERT INTO HORARIO_ACTIVIDADES(HORARIO_ACTIVIDADES_ID, FECHA_CREACION_HORARIO_ACTIV, ID_TIPO_AUXILIAR, ID_AUXILIAR)
VALUES ('2',TO_DATE('21/06/2014','DD/MM/YYYY'),'2','2' );
INSERT INTO HORARIO_ACTIVIDADES(HORARIO_ACTIVIDADES_ID, FECHA_CREACION_HORARIO_ACTIV, ID_TIPO_AUXILIAR, ID_AUXILIAR)
VALUES ('3',TO_DATE('22/06/2014','DD/MM/YYYY'),'1','3' );
INSERT INTO HORARIO_ACTIVIDADES(HORARIO_ACTIVIDADES_ID, FECHA_CREACION_HORARIO_ACTIV, ID_TIPO_AUXILIAR, ID_AUXILIAR)
VALUES ('4',TO_DATE('23/06/2014','DD/MM/YYYY'),'2','4' );
INSERT INTO HORARIO_ACTIVIDADES(HORARIO_ACTIVIDADES_ID, FECHA_CREACION_HORARIO_ACTIV, ID_TIPO_AUXILIAR, ID_AUXILIAR)
VALUES ('5',TO_DATE('24/06/2014','DD/MM/YYYY'),'3','5' );

/*INSERTAR EN FECHA_HORARIO*/
INSERT INTO  FECHA_HORARIO (FECHA_HORARIO_ID, FECHA_FECHA_HORARIO, ID_HORARIO_ACTIVIDADES)
VALUES ('1',TO_DATE('20/06/2014','DD/MM/YYYY'),'1' );
INSERT INTO  FECHA_HORARIO (FECHA_HORARIO_ID, FECHA_FECHA_HORARIO, ID_HORARIO_ACTIVIDADES)
VALUES ('2',TO_DATE('20/06/2014','DD/MM/YYYY'),'1' );
INSERT INTO  FECHA_HORARIO (FECHA_HORARIO_ID, FECHA_FECHA_HORARIO, ID_HORARIO_ACTIVIDADES)
VALUES ('3',TO_DATE('21/06/2014','DD/MM/YYYY'),'2' );
INSERT INTO  FECHA_HORARIO (FECHA_HORARIO_ID, FECHA_FECHA_HORARIO, ID_HORARIO_ACTIVIDADES)
VALUES ('4',TO_DATE('21/06/2014','DD/MM/YYYY'),'2' );
INSERT INTO  FECHA_HORARIO (FECHA_HORARIO_ID, FECHA_FECHA_HORARIO, ID_HORARIO_ACTIVIDADES)
VALUES ('5',TO_DATE('22/06/2014','DD/MM/YYYY'),'3' );
INSERT INTO  FECHA_HORARIO (FECHA_HORARIO_ID, FECHA_FECHA_HORARIO, ID_HORARIO_ACTIVIDADES)
VALUES ('6',TO_DATE('22/06/2014','DD/MM/YYYY'),'3' );
INSERT INTO  FECHA_HORARIO (FECHA_HORARIO_ID, FECHA_FECHA_HORARIO, ID_HORARIO_ACTIVIDADES)
VALUES ('7',TO_DATE('23/06/2014','DD/MM/YYYY'),'4' );
INSERT INTO  FECHA_HORARIO (FECHA_HORARIO_ID, FECHA_FECHA_HORARIO, ID_HORARIO_ACTIVIDADES)
VALUES ('8',TO_DATE('23/06/2014','DD/MM/YYYY'),'4' );
INSERT INTO  FECHA_HORARIO (FECHA_HORARIO_ID, FECHA_FECHA_HORARIO, ID_HORARIO_ACTIVIDADES)
VALUES ('9',TO_DATE('24/06/2014','DD/MM/YYYY'),'5' );
INSERT INTO  FECHA_HORARIO (FECHA_HORARIO_ID, FECHA_FECHA_HORARIO, ID_HORARIO_ACTIVIDADES)
VALUES ('10',TO_DATE('24/06/2014','DD/MM/YYYY'),'5' );

/*INSERTAR EN HORA*/
INSERT INTO HORA (HORA_INICIO, HORA_FIN, ID_FECHA_HORARIO)
VALUES ('8:00 AM', '12:00 PM', '1');
INSERT INTO HORA (HORA_INICIO, HORA_FIN, ID_FECHA_HORARIO)
VALUES ('2:00 PM', '6:00 PM', '2');
INSERT INTO HORA (HORA_INICIO, HORA_FIN, ID_FECHA_HORARIO)
VALUES ('8:00 AM', '12:00 PM', '3');
INSERT INTO HORA (HORA_INICIO, HORA_FIN, ID_FECHA_HORARIO)
VALUES ('2:00 PM', '4:00 PM', '4');
INSERT INTO HORA (HORA_INICIO, HORA_FIN, ID_FECHA_HORARIO)
VALUES ('8:00 AM', '10:00 AM', '5');
INSERT INTO HORA (HORA_INICIO, HORA_FIN, ID_FECHA_HORARIO)
VALUES ('2:00 PM', '6:00 PM', '6');
INSERT INTO HORA (HORA_INICIO, HORA_FIN, ID_FECHA_HORARIO)
VALUES ('8:00 AM', '11:00 1M', '7');
INSERT INTO HORA (HORA_INICIO, HORA_FIN, ID_FECHA_HORARIO)
VALUES ('3:00 PM', '6:00 PM', '8');
INSERT INTO HORA (HORA_INICIO, HORA_FIN, ID_FECHA_HORARIO)
VALUES ('10:00 AM', '12:00 PM', '9');
INSERT INTO HORA (HORA_INICIO, HORA_FIN, ID_FECHA_HORARIO)
VALUES ('5:00 PM', '10:00 PM', '10');

/*INSERTAR EN CUMPLIMIENTO_ACTIVIDADES*/
INSERT INTO CUMPLIMIENTO_ACTIVIDADES(CUMP_ACT_ID, DESC_CUMP_ACT, FECHA_CREACION_CUMP_ACT, ID_SOLICITANTE) 
VALUES ('1', 'LOS ESTUDIANTES CUMPLIERON CON LAS ACTIVIDADES PROPUESTAS', TO_DATE('24/07/2014','DD/MM/YYYY'),'991');
INSERT INTO CUMPLIMIENTO_ACTIVIDADES(CUMP_ACT_ID, DESC_CUMP_ACT, FECHA_CREACION_CUMP_ACT, ID_SOLICITANTE) 
VALUES ('2', 'LOS ESTUDIANTES CUMPLIERON CON LAS ACTIVIDADES PROPUESTAS', TO_DATE('24/08/2014','DD/MM/YYYY'),'992');
INSERT INTO CUMPLIMIENTO_ACTIVIDADES(CUMP_ACT_ID, DESC_CUMP_ACT, FECHA_CREACION_CUMP_ACT, ID_SOLICITANTE) 
VALUES ('3', 'LOS ESTUDIANTES CUMPLIERON CON LAS ACTIVIDADES PROPUESTAS', TO_DATE('24/09/2014','DD/MM/YYYY'),'993');
INSERT INTO CUMPLIMIENTO_ACTIVIDADES(CUMP_ACT_ID, DESC_CUMP_ACT, FECHA_CREACION_CUMP_ACT, ID_SOLICITANTE) 
VALUES ('4', 'LOS ESTUDIANTES CUMPLIERON CON LAS ACTIVIDADES PROPUESTAS', TO_DATE('24/10/2014','DD/MM/YYYY'),'995');

/*INSERTAR EN AUX_CUMPLIMIENTO_ACTIVIDADES*/
INSERT INTO AUX_CUMPLIMIENTO_ACTIVIDADES( ID_AUXILIAR, ID_CUMPLIMIENTO_ACTIVIDADES,ID_TIPO_AUXILIAR)
VALUES ('3','2','1');
INSERT INTO AUX_CUMPLIMIENTO_ACTIVIDADES( ID_AUXILIAR, ID_CUMPLIMIENTO_ACTIVIDADES,ID_TIPO_AUXILIAR)
VALUES ('4','3','2');
INSERT INTO AUX_CUMPLIMIENTO_ACTIVIDADES(ID_AUXILIAR, ID_CUMPLIMIENTO_ACTIVIDADES,ID_TIPO_AUXILIAR)
VALUES ('5','4','3');

/*INSERTAR EN RES_AUXILIARES_SELECCIONADOS*/
INSERT INTO RES_AUXILIARES_SELECCIONADOS (RES_AUX_SEL_ID, DESC_RES_AUX_SEL, FECHA_CREA_RES_AUX_SEL, ID_SOLICITANTE)
VALUES ('1', 'SON LOS AUXILIARES SELECCIONADOS PARA LAS CONVOCATORIAS',TO_DATE('20/06/2014','DD/MM/YYYY'), '991');
INSERT INTO RES_AUXILIARES_SELECCIONADOS (RES_AUX_SEL_ID, DESC_RES_AUX_SEL, FECHA_CREA_RES_AUX_SEL, ID_SOLICITANTE)
VALUES ('2', 'SON LOS AUXILIARES SELECCIONADOS PARA LAS CONVOCATORIAS',TO_DATE('22/06/2014','DD/MM/YYYY'), '992');
INSERT INTO RES_AUXILIARES_SELECCIONADOS (RES_AUX_SEL_ID, DESC_RES_AUX_SEL, FECHA_CREA_RES_AUX_SEL, ID_SOLICITANTE)
VALUES ('3', 'SON LOS AUXILIARES SELECCIONADOS PARA LAS CONVOCATORIAS',TO_DATE('23/06/2014','DD/MM/YYYY'), '991');
INSERT INTO RES_AUXILIARES_SELECCIONADOS (RES_AUX_SEL_ID, DESC_RES_AUX_SEL, FECHA_CREA_RES_AUX_SEL, ID_SOLICITANTE)
VALUES ('4', 'SON LOS AUXILIARES SELECCIONADOS PARA LAS CONVOCATORIAS',TO_DATE('24/06/2014','DD/MM/YYYY'), '993');
INSERT INTO RES_AUXILIARES_SELECCIONADOS (RES_AUX_SEL_ID, DESC_RES_AUX_SEL, FECHA_CREA_RES_AUX_SEL, ID_SOLICITANTE)
VALUES ('5', 'SON LOS AUXILIARES SELECCIONADOS PARA LAS CONVOCATORIAS',TO_DATE('26/06/2014','DD/MM/YYYY'), '995');

/*INSERTAR EN DETALLE_RESOLUCION*/
INSERT INTO DETALLE_RESOLUCION(PROM_AUX_DET_RES, VALOR_PAGAR_DETALLE_RES, CANT_HORAS_DETALLE_RES, ID_AUXILIAR,ID_RES_AUX_SEL)
VALUES(4.5,450.000,190,'1','1');
INSERT INTO DETALLE_RESOLUCION(PROM_AUX_DET_RES, VALOR_PAGAR_DETALLE_RES, CANT_HORAS_DETALLE_RES, ID_AUXILIAR,ID_RES_AUX_SEL)
VALUES(4,400.000,180,'2','1');
INSERT INTO DETALLE_RESOLUCION(PROM_AUX_DET_RES, VALOR_PAGAR_DETALLE_RES, CANT_HORAS_DETALLE_RES, ID_AUXILIAR,ID_RES_AUX_SEL)
VALUES(3.6,380.000,130,'2','2');
INSERT INTO DETALLE_RESOLUCION(PROM_AUX_DET_RES, VALOR_PAGAR_DETALLE_RES, CANT_HORAS_DETALLE_RES, ID_AUXILIAR,ID_RES_AUX_SEL)
VALUES(4,400.000,180,'3','3');
INSERT INTO DETALLE_RESOLUCION(PROM_AUX_DET_RES, VALOR_PAGAR_DETALLE_RES, CANT_HORAS_DETALLE_RES, ID_AUXILIAR,ID_RES_AUX_SEL)
VALUES(5,460.000,120,'4','5');

/*INSERTAR EN INCONFORMIDAD_AUXILIARES*/
INSERT INTO INCONFORMIDAD_AUXILIARES (INCONFORMIDAD_AUXILIARES_ID, FECHA_CREA_INC_AUX, DESC_INC_AUX)
VALUES ('1',TO_DATE('27/06/2014','DD/MM/YYYY'),'NO CUMPLE CON LAS ACTIVIDADES' );
INSERT INTO INCONFORMIDAD_AUXILIARES (INCONFORMIDAD_AUXILIARES_ID, FECHA_CREA_INC_AUX, DESC_INC_AUX)
VALUES ('2',TO_DATE('28/06/2014','DD/MM/YYYY'),'NO CUMPLE CON EL HORARIO' );
INSERT INTO INCONFORMIDAD_AUXILIARES (INCONFORMIDAD_AUXILIARES_ID, FECHA_CREA_INC_AUX, DESC_INC_AUX)
VALUES ('3',TO_DATE('29/06/2014','DD/MM/YYYY'),'TRATAMAL AL ESTUDIANTE' );
INSERT INTO INCONFORMIDAD_AUXILIARES (INCONFORMIDAD_AUXILIARES_ID, FECHA_CREA_INC_AUX, DESC_INC_AUX)
VALUES ('4',TO_DATE('30/06/2014','DD/MM/YYYY'),'SE QUIERE RETIRAR DE LA U' );
INSERT INTO INCONFORMIDAD_AUXILIARES (INCONFORMIDAD_AUXILIARES_ID, FECHA_CREA_INC_AUX, DESC_INC_AUX)
VALUES ('5',TO_DATE('01/07/2014','DD/MM/YYYY'),'LO SACARON DE LA U' );

/*INSERTAR EN INC_AUX_AUXILIAR*/
INSERT INTO INC_AUX_AUXILIAR (ID_INCONFORMIDAD_AUXILIARES, ID_AUXILIAR, ID_SOLICITANTE)
VALUES( '1', '1', '991');
INSERT INTO INC_AUX_AUXILIAR (ID_INCONFORMIDAD_AUXILIARES, ID_AUXILIAR, ID_SOLICITANTE)
VALUES('2', '2', '992');

/*INSERTAR EN INSCRIPCION_CONVOCATORIA*/
INSERT INTO INSCRIPCION_CONVOCATORIA (FECHA_INSCRIPCION_CONVOCATORIA, ID_AUXILIAR, ID_CONVOCATORIA)
VALUES (TO_DATE('01/07/2014','DD/MM/YYYY'),'1', '001');
INSERT INTO INSCRIPCION_CONVOCATORIA (FECHA_INSCRIPCION_CONVOCATORIA, ID_AUXILIAR, ID_CONVOCATORIA)
VALUES (TO_DATE('01/07/2014','DD/MM/YYYY'),'2', '001');
INSERT INTO INSCRIPCION_CONVOCATORIA (FECHA_INSCRIPCION_CONVOCATORIA, ID_AUXILIAR, ID_CONVOCATORIA)
VALUES (TO_DATE('01/07/2014','DD/MM/YYYY'),'3', '002');
INSERT INTO INSCRIPCION_CONVOCATORIA (FECHA_INSCRIPCION_CONVOCATORIA, ID_AUXILIAR, ID_CONVOCATORIA)
VALUES (TO_DATE('01/07/2014','DD/MM/YYYY'),'4', '003');
INSERT INTO INSCRIPCION_CONVOCATORIA (FECHA_INSCRIPCION_CONVOCATORIA, ID_AUXILIAR, ID_CONVOCATORIA)
VALUES (TO_DATE('01/07/2014','DD/MM/YYYY'),'5', '004');
INSERT INTO INSCRIPCION_CONVOCATORIA (FECHA_INSCRIPCION_CONVOCATORIA, ID_AUXILIAR, ID_CONVOCATORIA)
VALUES (TO_DATE('01/07/2014','DD/MM/YYYY'),'1', '002');

commit;

/*---------------------------------------------------------------------------------*/
/*----------------------------- CONSULTAS -----------------------------------------*/
/*---------------------------------------------------------------------------------*/

/*LA CONVOCATORIA Y LA EVALUACI?N CON LA QUE EL AUXILIAR QUEDO EN ESTADO SELECCIONADO "1" O NO SELECCIONADO "0"*/
CREATE OR REPLACE VIEW VISTA_SELECCION (CONVOCATORIA_ID, EVALUACION_AUXILIARES_ID, FECHA_CREACION_CONVOCATORIA, NOMBRE_AUXILIAR, APELLIDO_AUXILIAR, ESTADO)
AS SELECT CON.CONVOCATORIA_ID, EVA.EVALUACION_AUXILIARES_ID, CON.FECHA_CREACION , AUX.NOMBRE_AUXILIAR, AUX.APELLIDO_AUXILIAR, SEL.ESTADO
FROM SELECCION_AUXILIARES SEL, AUXILIAR AUX, CONVOCATORIA CON, EVALUACION_AUXILIARES EVA
WHERE AUX.AUXILIAR_ID= SEL.ID_AUXILIARES 
AND SEL.ID_EVALUACION_AUXILIARES= EVA.EVALUACION_AUXILIARES_ID
AND EVA.ID_CONVOCATORIA=CON.CONVOCATORIA_ID
ORDER BY CON.CONVOCATORIA_ID ASC;

/*PROMEDIO DE LA CALIFICACI?N DE LOS AUXILIARES SELECCIONADOS EN CADA UNA DE LAS EVALUACIONES */
CREATE OR REPLACE VIEW VISTA_PROMEDIO_EVALUACION(PROMEDIO_CALIFICACION, EVALUACION)
AS SELECT ROUND(AVG(SEL.CALIFICACION)) as PROMEDIO, EVA.EVALUACION_AUXILIARES_ID
FROM AUXILIAR AUX, SELECCION_AUXILIARES SEL, EVALUACION_AUXILIARES EVA 
WHERE SEL.ID_AUXILIARES= AUX.AUXILIAR_ID
AND SEL.ESTADO = 1
GROUP BY EVA.EVALUACION_AUXILIARES_ID;


/*PROMEDIO Y CALIFICACION DE EVALUACI?N DE LOS AUXILIARES SELECCIONADOS ORDENADOS DE MAYOR A MENOR  */
CREATE OR REPLACE VIEW VISTA_PROMEDIO_CALIFICACION(NOMBRE_AUXILIAR, APELLIDO_AUXILIAR, EVALUACION_AUXILIARES_ID, CALIFICACION, PROMEDIO)
AS SELECT AUX.NOMBRE_AUXILIAR, AUX.APELLIDO_AUXILIAR, SEL.ID_EVALUACION_AUXILIARES, SEL.CALIFICACION, SEL.PROMEDIO
FROM AUXILIAR AUX, SELECCION_AUXILIARES SEL
WHERE SEL.ID_AUXILIARES=AUX.AUXILIAR_ID
AND SEL.ESTADO=1
ORDER BY SEL.PROMEDIO DESC;

/*DATOS DEL SOLICITANTE CON LA DESCRIPCION DEL TIPO DE AUXILIAR, LA CANTIDAD DE HORAS Y AUXILIARES CON SU RESPECTIVO REQUISITO PARA ACCEDER A LA CONVOCATORIA PARA LA DICHA SOLICITUD*/
CREATE OR REPLACE VIEW VISTA_SOLICITUD_SOLICITANTE (NOMBRE_SOLICITANTE, APELLIDO_SOLICITANTE, CARGO, DESCRIPCION, CANTIDAD_AUXILIARES, CANTIDAD_HORAS, SOLICITUD, REQUISITO)
AS SELECT SOL.NOMBRE_SOLICITANTE, SOL.APELLIDO_SOLICITANTE, CAR.NOMBRE_CARGO, SOLA.DESC_SOLICITUD_AUXILIARES AS DESCRIPCION, SOLA.CANTIDAD_AUXILIARES, SOLA.CANTIDAD_HORAS, SOLAR.ID_SOLICITUD_AUXILIARES, REQ.DESCRIPCION_REQUISITO
FROM SOLICITANTE SOL, SOLICITUD_AUXILIARES SOLA, SOL_AUXILIARES_REQUISITOS SOLAR, REQUISITO REQ, CARGO CAR
WHERE SOLA.ID_SOLICITANTE=SOL.SOLICITANTE_ID
AND SOLA.SOLICITUD_AUXILIARES_ID=SOLAR.ID_SOLICITUD_AUXILIARES
AND SOL.ID_CARGO = CAR.CARGO_ID
AND REQ.REQUISITO_ID=SOLAR.ID_REQUISITO;

/*AUXILIAR Y LAS HORAS QUE EJECUTA*/
CREATE OR REPLACE VIEW VISTA_HORAS_AUXILIAR (NOMBRE_AUXILIAR, APELLIDO_AUXILIAR, TIPO, HORARIO, FECHA_HORARIO, HORA_INICIO, HORA_FIN)
AS SELECT AUX.NOMBRE_AUXILIAR, AUX.APELLIDO_AUXILIAR,  TIPO.DESCRIPCION_TIPO_AUXILIAR,  HORAC.HORARIO_ACTIVIDADES_ID, FEC.FECHA_FECHA_HORARIO, HORA.HORA_INICIO, HORA.HORA_FIN
FROM AUXILIAR AUX, HORARIO_ACTIVIDADES HORAC, TIPO_AUXILIAR TIPO, FECHA_HORARIO FEC, HORA HORA 
WHERE AUX.AUXILIAR_ID =HORAC.ID_AUXILIAR
AND HORAC.HORARIO_ACTIVIDADES_ID=FEC.ID_HORARIO_ACTIVIDADES
AND FEC.FECHA_HORARIO_ID= HORA.ID_FECHA_HORARIO
AND HORAC.ID_TIPO_AUXILIAR=TIPO.TIPO_AUXILIAR_ID
ORDER BY HORAC.HORARIO_ACTIVIDADES_ID ASC;

/*AUXILIARES QUE CUMPLIERON CON LAS ACTIVIDADAES DE AUXILIAR*/
CREATE OR REPLACE VIEW VISTA_AUXILIARES_CUMPLIERON (NOMBRE_AUXILIAR, APELLIDO_AUXILIAR,DESCRIPCION)
AS SELECT AUX.NOMBRE_AUXILIAR, AUX.APELLIDO_AUXILIAR, CUM.DESC_CUMP_ACT AS DESCRIPCION
FROM CUMPLIMIENTO_ACTIVIDADES CUM, AUXILIAR AUX, AUX_CUMPLIMIENTO_ACTIVIDADES AUXCUM, SOLICITANTE SOL
WHERE AUX.AUXILIAR_ID = AUXCUM.ID_AUXILIAR
AND AUXCUM.ID_CUMPLIMIENTO_ACTIVIDADES=CUM.CUMP_ACT_ID
AND SOL.SOLICITANTE_ID = CUM.ID_SOLICITANTE;

/*MOSTRAR LOS SOLICITANTES Y LA CANTIDAD DE AUXILIARES QUE NECESITAN ORDENADO DE MAYOR A MENOR PARA DAR PRIORIDAD  */

CREATE OR REPLACE VIEW VISTA_CANTIDAD_AUXILIARES (ID_SOLICITANTE, NOMBRE_SOLICITANTE, CANTIDAD_AUXILIARES)
AS SELECT SOL.SOLICITANTE_ID, SOL.NOMBRE_SOLICITANTE, SUM(SOLA.CANTIDAD_AUXILIARES)
FROM SOLICITANTE SOL, SOLICITUD_AUXILIARES SOLA, SOL_AUXILIARES_REQUISITOS SOLAR
WHERE SOLA.ID_SOLICITANTE=SOL.SOLICITANTE_ID
AND SOLA.SOLICITUD_AUXILIARES_ID=SOLAR.ID_SOLICITUD_AUXILIARES
GROUP BY SOL.SOLICITANTE_ID, SOL.NOMBRE_SOLICITANTE
ORDER BY SUM(SOLA.CANTIDAD_AUXILIARES) DESC;


